{"name": "Root_Level", "children": [{"name": "Camping Equipment", "Gross profit": 586799093.6500001, "radius": 0.30485682942789305, "level": 1, "children": [{"name": "Cooking Gear", "Gross profit": 105707837.66000001, "radius": 0.054917869818536705, "level": 2, "children": [{"name": "TrailChef Canteen", "Gross profit": 4725613.869999999, "radius": 0.002455074789818867, "level": 3}, {"name": "TrailChef Cook Set", "Gross profit": 12878820.689999992, "radius": 0.0066908699839702745, "level": 3}, {"name": "TrailChef Cup", "Gross profit": 4157413.39, "radius": 0.00215988040610783, "level": 3}, {"name": "TrailChef Deluxe Cook Set", "Gross profit": 17667348.610000007, "radius": 0.009178630198863967, "level": 3}, {"name": "TrailChef Double Flame", "Gross profit": 15894249.840000007, "radius": 0.008257460968825745, "level": 3}, {"name": "TrailChef Kettle", "Gross profit": 13994981.9, "radius": 0.007270743694228523, "level": 3}, {"name": "TrailChef Kitchen Kit", "Gross profit": 5927386.829999999, "radius": 0.003079425948916425, "level": 3}, {"name": "TrailChef Single Flame", "Gross profit": 11350274.219999995, "radius": 0.005896751800217015, "level": 3}, {"name": "TrailChef Utensils", "Gross profit": 7346612.229999998, "radius": 0.003816749098133141, "level": 3}, {"name": "TrailChef Water Bag", "Gross profit": 11765136.079999993, "radius": 0.006112282929454909, "level": 3}]}, {"name": "Lanterns", "Gross profit": 54117294.63000001, "radius": 0.028115290286997777, "level": 2, "children": [{"name": "EverGlow Butane", "Gross profit": 2766673.460000001, "radius": 0.001437356172163711, "level": 3}, {"name": "EverGlow Double", "Gross profit": 1142320.19, "radius": 0.0005934639556934638, "level": 3}, {"name": "EverGlow Kerosene", "Gross profit": 3355061.43, "radius": 0.0017430384626593788, "level": 3}, {"name": "EverGlow Lamp", "Gross profit": 10296988.110000003, "radius": 0.00534954327953283, "level": 3}, {"name": "EverGlow Single", "Gross profit": 8135695.610000001, "radius": 0.004226697681871971, "level": 3}, {"name": "Firefly 2", "Gross profit": 5354993.310000001, "radius": 0.0027820531758828812, "level": 3}, {"name": "Firefly 4", "Gross profit": 3025210.2899999986, "radius": 0.0015716725321190113, "level": 3}, {"name": "Firefly Extreme", "Gross profit": 3758748.57, "radius": 0.001952764044912268, "level": 3}, {"name": "Firefly Lite", "Gross profit": 4231576.380000002, "radius": 0.0021984099373169876, "level": 3}, {"name": "Firefly Mapreader", "Gross profit": 5907920.829999997, "radius": 0.003069312874261297, "level": 3}, {"name": "Firefly Multi-light", "Gross profit": 2304192.099999999, "radius": 0.0011970855197294804, "level": 3}, {"name": "Flicker Lantern", "Gross profit": 3837914.3499999987, "radius": 0.0019938926508544933, "level": 3}]}, {"name": "Packs", "Gross profit": 138647509.69, "radius": 0.07203085463076273, "level": 2, "children": [{"name": "Canyon Mule Carryall", "Gross profit": 13249317.390000002, "radius": 0.006883352301168381, "level": 3}, {"name": "Canyon Mule Climber Backpack", "Gross profit": 11969239.49, "radius": 0.006218319764074044, "level": 3}, {"name": "Canyon Mule Cooler", "Gross profit": 13970120.620000005, "radius": 0.007257827636452813, "level": 3}, {"name": "Canyon Mule Extreme Backpack", "Gross profit": 28153907.260000005, "radius": 0.014626660122978771, "level": 3}, {"name": "Canyon Mule Journey Backpack", "Gross profit": 37460297.87, "radius": 0.019461563185174585, "level": 3}, {"name": "Canyon Mule Weekender Backpack", "Gross profit": 33844627.05999999, "radius": 0.017583131620914134, "level": 3}]}, {"name": "Sleeping Bags", "Gross profit": 121013044.17999998, "radius": 0.06286930802612417, "level": 2, "children": [{"name": "Hibernator", "Gross profit": 26715116.059999995, "radius": 0.01387917205050677, "level": 3}, {"name": "Hibernator Camp Cot", "Gross profit": 10773391.640000002, "radius": 0.005597046848055181, "level": 3}, {"name": "Hibernator Extreme", "Gross profit": 32080699.649999976, "radius": 0.01666672714215347, "level": 3}, {"name": "Hibernator Lite", "Gross profit": 16155984.56, "radius": 0.008393438712748417, "level": 3}, {"name": "Hibernator Pad", "Gross profit": 7983675.02, "radius": 0.004147719177002635, "level": 3}, {"name": "Hibernator Pillow", "Gross profit": 3290816.79, "radius": 0.0017096617627461062, "level": 3}, {"name": "Hibernator Self - Inflating Mat", "Gross profit": 24013360.46, "radius": 0.012475542332911595, "level": 3}]}, {"name": "Tents", "Gross profit": 167313407.49, "radius": 0.08692350666547163, "level": 2, "children": [{"name": "Star Dome", "Gross profit": 33289260.100000016, "radius": 0.01729460457234377, "level": 3}, {"name": "Star Gazer 2", "Gross profit": 42170414.35, "radius": 0.021908586692653494, "level": 3}, {"name": "Star Gazer 3", "Gross profit": 28538827.489999995, "radius": 0.014826635825344875, "level": 3}, {"name": "Star Gazer 6", "Gross profit": 12496829.750000002, "radius": 0.006492416121142674, "level": 3}, {"name": "Star Lite", "Gross profit": 48768550.48, "radius": 0.025336483706286564, "level": 3}, {"name": "Star Peg", "Gross profit": 2049525.32, "radius": 0.0010647797477002594, "level": 3}]}], "Camping Equipment": [{"name": "Cooking Gear", "Gross profit": 105707837.66000001, "radius": 0.054917869818536705, "level": 2, "children": [{"name": "TrailChef Canteen", "Gross profit": 4725613.869999999, "radius": 0.002455074789818867, "level": 3}, {"name": "TrailChef Cook Set", "Gross profit": 12878820.689999992, "radius": 0.0066908699839702745, "level": 3}, {"name": "TrailChef Cup", "Gross profit": 4157413.39, "radius": 0.00215988040610783, "level": 3}, {"name": "TrailChef Deluxe Cook Set", "Gross profit": 17667348.610000007, "radius": 0.009178630198863967, "level": 3}, {"name": "TrailChef Double Flame", "Gross profit": 15894249.840000007, "radius": 0.008257460968825745, "level": 3}, {"name": "TrailChef Kettle", "Gross profit": 13994981.9, "radius": 0.007270743694228523, "level": 3}, {"name": "TrailChef Kitchen Kit", "Gross profit": 5927386.829999999, "radius": 0.003079425948916425, "level": 3}, {"name": "TrailChef Single Flame", "Gross profit": 11350274.219999995, "radius": 0.005896751800217015, "level": 3}, {"name": "TrailChef Utensils", "Gross profit": 7346612.229999998, "radius": 0.003816749098133141, "level": 3}, {"name": "TrailChef Water Bag", "Gross profit": 11765136.079999993, "radius": 0.006112282929454909, "level": 3}]}, {"name": "Lanterns", "Gross profit": 54117294.63000001, "radius": 0.028115290286997777, "level": 2, "children": [{"name": "EverGlow Butane", "Gross profit": 2766673.460000001, "radius": 0.001437356172163711, "level": 3}, {"name": "EverGlow Double", "Gross profit": 1142320.19, "radius": 0.0005934639556934638, "level": 3}, {"name": "EverGlow Kerosene", "Gross profit": 3355061.43, "radius": 0.0017430384626593788, "level": 3}, {"name": "EverGlow Lamp", "Gross profit": 10296988.110000003, "radius": 0.00534954327953283, "level": 3}, {"name": "EverGlow Single", "Gross profit": 8135695.610000001, "radius": 0.004226697681871971, "level": 3}, {"name": "Firefly 2", "Gross profit": 5354993.310000001, "radius": 0.0027820531758828812, "level": 3}, {"name": "Firefly 4", "Gross profit": 3025210.2899999986, "radius": 0.0015716725321190113, "level": 3}, {"name": "Firefly Extreme", "Gross profit": 3758748.57, "radius": 0.001952764044912268, "level": 3}, {"name": "Firefly Lite", "Gross profit": 4231576.380000002, "radius": 0.0021984099373169876, "level": 3}, {"name": "Firefly Mapreader", "Gross profit": 5907920.829999997, "radius": 0.003069312874261297, "level": 3}, {"name": "Firefly Multi-light", "Gross profit": 2304192.099999999, "radius": 0.0011970855197294804, "level": 3}, {"name": "Flicker Lantern", "Gross profit": 3837914.3499999987, "radius": 0.0019938926508544933, "level": 3}]}, {"name": "Packs", "Gross profit": 138647509.69, "radius": 0.07203085463076273, "level": 2, "children": [{"name": "Canyon Mule Carryall", "Gross profit": 13249317.390000002, "radius": 0.006883352301168381, "level": 3}, {"name": "Canyon Mule Climber Backpack", "Gross profit": 11969239.49, "radius": 0.006218319764074044, "level": 3}, {"name": "Canyon Mule Cooler", "Gross profit": 13970120.620000005, "radius": 0.007257827636452813, "level": 3}, {"name": "Canyon Mule Extreme Backpack", "Gross profit": 28153907.260000005, "radius": 0.014626660122978771, "level": 3}, {"name": "Canyon Mule Journey Backpack", "Gross profit": 37460297.87, "radius": 0.019461563185174585, "level": 3}, {"name": "Canyon Mule Weekender Backpack", "Gross profit": 33844627.05999999, "radius": 0.017583131620914134, "level": 3}]}, {"name": "Sleeping Bags", "Gross profit": 121013044.17999998, "radius": 0.06286930802612417, "level": 2, "children": [{"name": "Hibernator", "Gross profit": 26715116.059999995, "radius": 0.01387917205050677, "level": 3}, {"name": "Hibernator Camp Cot", "Gross profit": 10773391.640000002, "radius": 0.005597046848055181, "level": 3}, {"name": "Hibernator Extreme", "Gross profit": 32080699.649999976, "radius": 0.01666672714215347, "level": 3}, {"name": "Hibernator Lite", "Gross profit": 16155984.56, "radius": 0.008393438712748417, "level": 3}, {"name": "Hibernator Pad", "Gross profit": 7983675.02, "radius": 0.004147719177002635, "level": 3}, {"name": "Hibernator Pillow", "Gross profit": 3290816.79, "radius": 0.0017096617627461062, "level": 3}, {"name": "Hibernator Self - Inflating Mat", "Gross profit": 24013360.46, "radius": 0.012475542332911595, "level": 3}]}, {"name": "Tents", "Gross profit": 167313407.49, "radius": 0.08692350666547163, "level": 2, "children": [{"name": "Star Dome", "Gross profit": 33289260.100000016, "radius": 0.01729460457234377, "level": 3}, {"name": "Star Gazer 2", "Gross profit": 42170414.35, "radius": 0.021908586692653494, "level": 3}, {"name": "Star Gazer 3", "Gross profit": 28538827.489999995, "radius": 0.014826635825344875, "level": 3}, {"name": "Star Gazer 6", "Gross profit": 12496829.750000002, "radius": 0.006492416121142674, "level": 3}, {"name": "Star Lite", "Gross profit": 48768550.48, "radius": 0.025336483706286564, "level": 3}, {"name": "Star Peg", "Gross profit": 2049525.32, "radius": 0.0010647797477002594, "level": 3}]}]}, {"name": "Golf Equipment", "Gross profit": 352193642.17, "radius": 0.1829734201338913, "level": 1, "children": [{"name": "Golf Accessories", "Gross profit": 31586735.03, "radius": 0.016410100147442114, "level": 2, "children": [{"name": "Course Pro Gloves", "Gross profit": 5894182.059999998, "radius": 0.0030621752390676453, "level": 3}, {"name": "Course Pro Golf Bag", "Gross profit": 13386087.220000004, "radius": 0.006954407654161243, "level": 3}, {"name": "Course Pro Golf and Tee Set", "Gross profit": 6353920.520000001, "radius": 0.0033010208862377472, "level": 3}, {"name": "Course Pro Umbrella", "Gross profit": 5952545.229999999, "radius": 0.0030924963679754788, "level": 3}]}, {"name": "Irons", "Gross profit": 119211864.89999999, "radius": 0.06193355026767827, "level": 2, "children": [{"name": "Hailstorm Steel Irons", "Gross profit": 28305829.009999994, "radius": 0.014705587277991997, "level": 3}, {"name": "Hailstorm Titanium Irons", "Gross profit": 43780613.33000001, "radius": 0.022745125400880643, "level": 3}, {"name": "Lady Hailstorm Steel Irons", "Gross profit": 17430271.799999993, "radius": 0.009055462856907247, "level": 3}, {"name": "Lady Hailstorm Titanium Irons", "Gross profit": 29695150.759999994, "radius": 0.015427374731898388, "level": 3}]}, {"name": "Putters", "Gross profit": 50684498.230000004, "radius": 0.0263318665600353, "level": 2, "children": [{"name": "Blue Steel Max Putter", "Gross profit": 16416357.930000007, "radius": 0.008528709201242051, "level": 3}, {"name": "Blue Steel Putter", "Gross profit": 9748627.52, "radius": 0.0050646562156984746, "level": 3}, {"name": "Course Pro Putter", "Gross profit": 24519512.779999994, "radius": 0.012738501143094771, "level": 3}]}, {"name": "Woods", "Gross profit": 150710544.01, "radius": 0.07829790315873561, "level": 2, "children": [{"name": "Hailstorm Steel Woods Set", "Gross profit": 35076391.099999994, "radius": 0.018223063897397283, "level": 3}, {"name": "Hailstorm Titanium Woods Set", "Gross profit": 54307989.90999998, "radius": 0.028214361262186315, "level": 3}, {"name": "Lady Hailstorm Steel Woods Set", "Gross profit": 24013774.89999999, "radius": 0.01247575764487399, "level": 3}, {"name": "Lady Hailstorm Titanium Woods Set", "Gross profit": 37312388.10000001, "radius": 0.019384720354278018, "level": 3}]}], "Golf Equipment": [{"name": "Golf Accessories", "Gross profit": 31586735.03, "radius": 0.016410100147442114, "level": 2, "children": [{"name": "Course Pro Gloves", "Gross profit": 5894182.059999998, "radius": 0.0030621752390676453, "level": 3}, {"name": "Course Pro Golf Bag", "Gross profit": 13386087.220000004, "radius": 0.006954407654161243, "level": 3}, {"name": "Course Pro Golf and Tee Set", "Gross profit": 6353920.520000001, "radius": 0.0033010208862377472, "level": 3}, {"name": "Course Pro Umbrella", "Gross profit": 5952545.229999999, "radius": 0.0030924963679754788, "level": 3}]}, {"name": "Irons", "Gross profit": 119211864.89999999, "radius": 0.06193355026767827, "level": 2, "children": [{"name": "Hailstorm Steel Irons", "Gross profit": 28305829.009999994, "radius": 0.014705587277991997, "level": 3}, {"name": "Hailstorm Titanium Irons", "Gross profit": 43780613.33000001, "radius": 0.022745125400880643, "level": 3}, {"name": "Lady Hailstorm Steel Irons", "Gross profit": 17430271.799999993, "radius": 0.009055462856907247, "level": 3}, {"name": "Lady Hailstorm Titanium Irons", "Gross profit": 29695150.759999994, "radius": 0.015427374731898388, "level": 3}]}, {"name": "Putters", "Gross profit": 50684498.230000004, "radius": 0.0263318665600353, "level": 2, "children": [{"name": "Blue Steel Max Putter", "Gross profit": 16416357.930000007, "radius": 0.008528709201242051, "level": 3}, {"name": "Blue Steel Putter", "Gross profit": 9748627.52, "radius": 0.0050646562156984746, "level": 3}, {"name": "Course Pro Putter", "Gross profit": 24519512.779999994, "radius": 0.012738501143094771, "level": 3}]}, {"name": "Woods", "Gross profit": 150710544.01, "radius": 0.07829790315873561, "level": 2, "children": [{"name": "Hailstorm Steel Woods Set", "Gross profit": 35076391.099999994, "radius": 0.018223063897397283, "level": 3}, {"name": "Hailstorm Titanium Woods Set", "Gross profit": 54307989.90999998, "radius": 0.028214361262186315, "level": 3}, {"name": "Lady Hailstorm Steel Woods Set", "Gross profit": 24013774.89999999, "radius": 0.01247575764487399, "level": 3}, {"name": "Lady Hailstorm Titanium Woods Set", "Gross profit": 37312388.10000001, "radius": 0.019384720354278018, "level": 3}]}]}, {"name": "Mountaineering Equipment", "Gross profit": 163275908.79000002, "radius": 0.08482592494487787, "level": 1, "children": [{"name": "Climbing Accessories", "Gross profit": 41501728.31, "radius": 0.021561187543194887, "level": 2, "children": [{"name": "Firefly Charger", "Gross profit": 8887364.939999996, "radius": 0.0046172087293526705, "level": 3}, {"name": "Firefly Climbing Lamp", "Gross profit": 3295821.34, "radius": 0.001712261751843266, "level": 3}, {"name": "Firefly Rechargeable Battery", "Gross profit": 6025950.659999998, "radius": 0.003130632327786519, "level": 3}, {"name": "Granite Belay", "Gross profit": 8278030.750000003, "radius": 0.004300644352829948, "level": 3}, {"name": "Granite Carabiner", "Gross profit": 5829039.04, "radius": 0.003028331808238486, "level": 3}, {"name": "Granite Chalk Bag", "Gross profit": 1885443.3800000004, "radius": 0.000979535069349387, "level": 3}, {"name": "Granite Pulley", "Gross profit": 7300078.200000004, "radius": 0.0037925735037946094, "level": 3}]}, {"name": "Rope", "Gross profit": 36045956.47, "radius": 0.018726777396310054, "level": 2, "children": [{"name": "Husky Rope 100", "Gross profit": 13241994.809999993, "radius": 0.006879548037415774, "level": 3}, {"name": "Husky Rope 200", "Gross profit": 11308595.720000004, "radius": 0.005875098775352449, "level": 3}, {"name": "Husky Rope 50", "Gross profit": 7264103.770000001, "radius": 0.003773883886191318, "level": 3}, {"name": "Husky Rope 60", "Gross profit": 4231262.170000002, "radius": 0.0021982466973505133, "level": 3}]}, {"name": "Safety", "Gross profit": 30985935.30000001, "radius": 0.016097969636691568, "level": 2, "children": [{"name": "Granite Climbing Helmet", "Gross profit": 6561397.2200000025, "radius": 0.003408810229518309, "level": 3}, {"name": "Granite Signal Mirror", "Gross profit": 2178615.34, "radius": 0.0011318452470063236, "level": 3}, {"name": "Husky Harness", "Gross profit": 4676192.249999999, "radius": 0.0024293990201364806, "level": 3}, {"name": "Husky Harness Extreme", "Gross profit": 17569730.490000006, "radius": 0.009127915140030453, "level": 3}]}, {"name": "Tools", "Gross profit": 54742288.70999999, "radius": 0.028439990368681344, "level": 2, "children": [{"name": "Granite Axe", "Gross profit": 14610617.28000001, "radius": 0.007590581696811367, "level": 3}, {"name": "Granite Extreme", "Gross profit": 16010361.319999995, "radius": 0.008317783791468155, "level": 3}, {"name": "Granite Grip", "Gross profit": 4593753.46, "radius": 0.0023865700035050033, "level": 3}, {"name": "Granite Hammer", "Gross profit": 4142531.9000000013, "radius": 0.0021521490992471746, "level": 3}, {"name": "Granite Ice", "Gross profit": 11872049.739999995, "radius": 0.006167827254186898, "level": 3}, {"name": "Granite Shovel", "Gross profit": 3512975.0099999993, "radius": 0.0018250785234627477, "level": 3}]}], "Mountaineering Equipment": [{"name": "Climbing Accessories", "Gross profit": 41501728.31, "radius": 0.021561187543194887, "level": 2, "children": [{"name": "Firefly Charger", "Gross profit": 8887364.939999996, "radius": 0.0046172087293526705, "level": 3}, {"name": "Firefly Climbing Lamp", "Gross profit": 3295821.34, "radius": 0.001712261751843266, "level": 3}, {"name": "Firefly Rechargeable Battery", "Gross profit": 6025950.659999998, "radius": 0.003130632327786519, "level": 3}, {"name": "Granite Belay", "Gross profit": 8278030.750000003, "radius": 0.004300644352829948, "level": 3}, {"name": "Granite Carabiner", "Gross profit": 5829039.04, "radius": 0.003028331808238486, "level": 3}, {"name": "Granite Chalk Bag", "Gross profit": 1885443.3800000004, "radius": 0.000979535069349387, "level": 3}, {"name": "Granite Pulley", "Gross profit": 7300078.200000004, "radius": 0.0037925735037946094, "level": 3}]}, {"name": "Rope", "Gross profit": 36045956.47, "radius": 0.018726777396310054, "level": 2, "children": [{"name": "Husky Rope 100", "Gross profit": 13241994.809999993, "radius": 0.006879548037415774, "level": 3}, {"name": "Husky Rope 200", "Gross profit": 11308595.720000004, "radius": 0.005875098775352449, "level": 3}, {"name": "Husky Rope 50", "Gross profit": 7264103.770000001, "radius": 0.003773883886191318, "level": 3}, {"name": "Husky Rope 60", "Gross profit": 4231262.170000002, "radius": 0.0021982466973505133, "level": 3}]}, {"name": "Safety", "Gross profit": 30985935.30000001, "radius": 0.016097969636691568, "level": 2, "children": [{"name": "Granite Climbing Helmet", "Gross profit": 6561397.2200000025, "radius": 0.003408810229518309, "level": 3}, {"name": "Granite Signal Mirror", "Gross profit": 2178615.34, "radius": 0.0011318452470063236, "level": 3}, {"name": "Husky Harness", "Gross profit": 4676192.249999999, "radius": 0.0024293990201364806, "level": 3}, {"name": "Husky Harness Extreme", "Gross profit": 17569730.490000006, "radius": 0.009127915140030453, "level": 3}]}, {"name": "Tools", "Gross profit": 54742288.70999999, "radius": 0.028439990368681344, "level": 2, "children": [{"name": "Granite Axe", "Gross profit": 14610617.28000001, "radius": 0.007590581696811367, "level": 3}, {"name": "Granite Extreme", "Gross profit": 16010361.319999995, "radius": 0.008317783791468155, "level": 3}, {"name": "Granite Grip", "Gross profit": 4593753.46, "radius": 0.0023865700035050033, "level": 3}, {"name": "Granite Hammer", "Gross profit": 4142531.9000000013, "radius": 0.0021521490992471746, "level": 3}, {"name": "Granite Ice", "Gross profit": 11872049.739999995, "radius": 0.006167827254186898, "level": 3}, {"name": "Granite Shovel", "Gross profit": 3512975.0099999993, "radius": 0.0018250785234627477, "level": 3}]}]}, {"name": "Outdoor Protection", "Gross profit": 45983282.78000001, "radius": 0.023889467360626748, "level": 1, "children": [{"name": "First Aid", "Gross profit": 6000796.200000001, "radius": 0.0031175639556561695, "level": 2, "children": [{"name": "Aloe Relief", "Gross profit": 463426.9900000001, "radius": 0.00024076193090880708, "level": 3}, {"name": "Calamine Relief", "Gross profit": 371030.11999999994, "radius": 0.00019275944225114372, "level": 3}, {"name": "Compact Relief Kit", "Gross profit": 2352820.06, "radius": 0.001222348963159386, "level": 3}, {"name": "Deluxe Family Relief Kit", "Gross profit": 2244924.890000001, "radius": 0.0011662947193939685, "level": 3}, {"name": "Insect Bite Relief", "Gross profit": 568594.1400000004, "radius": 0.000295398899942864, "level": 3}]}, {"name": "Insect Repellents", "Gross profit": 24191058.940000013, "radius": 0.012567861144909064, "level": 2, "children": [{"name": "BugShield Extreme", "Gross profit": 11136545.170000006, "radius": 0.005785714204479869, "level": 3}, {"name": "BugShield Lotion", "Gross profit": 3445161.390000004, "radius": 0.0017898476490306931, "level": 3}, {"name": "BugShield Lotion Lite", "Gross profit": 1881286.0799999996, "radius": 0.0009773752478522244, "level": 3}, {"name": "BugShield Natural", "Gross profit": 4791529.44, "radius": 0.0024893195797266684, "level": 3}, {"name": "BugShield Spray", "Gross profit": 2936536.8600000013, "radius": 0.0015256044638196093, "level": 3}]}, {"name": "Sunscreen", "Gross profit": 15791427.639999995, "radius": 0.008204042260061514, "level": 2, "children": [{"name": "Sun Blocker", "Gross profit": 1796780.299999999, "radius": 0.0009334723781342674, "level": 3}, {"name": "Sun Shelter 15", "Gross profit": 3095318.5600000015, "radius": 0.001608095534710804, "level": 3}, {"name": "Sun Shelter 30", "Gross profit": 5591875.2499999935, "radius": 0.0029051192779927784, "level": 3}, {"name": "Sun Shelter Stick", "Gross profit": 2307929.1500000027, "radius": 0.0011990270108236949, "level": 3}, {"name": "Sun Shield", "Gross profit": 2999524.3799999994, "radius": 0.0015583280583999694, "level": 3}]}], "Outdoor Protection": [{"name": "First Aid", "Gross profit": 6000796.200000001, "radius": 0.0031175639556561695, "level": 2, "children": [{"name": "Aloe Relief", "Gross profit": 463426.9900000001, "radius": 0.00024076193090880708, "level": 3}, {"name": "Calamine Relief", "Gross profit": 371030.11999999994, "radius": 0.00019275944225114372, "level": 3}, {"name": "Compact Relief Kit", "Gross profit": 2352820.06, "radius": 0.001222348963159386, "level": 3}, {"name": "Deluxe Family Relief Kit", "Gross profit": 2244924.890000001, "radius": 0.0011662947193939685, "level": 3}, {"name": "Insect Bite Relief", "Gross profit": 568594.1400000004, "radius": 0.000295398899942864, "level": 3}]}, {"name": "Insect Repellents", "Gross profit": 24191058.940000013, "radius": 0.012567861144909064, "level": 2, "children": [{"name": "BugShield Extreme", "Gross profit": 11136545.170000006, "radius": 0.005785714204479869, "level": 3}, {"name": "BugShield Lotion", "Gross profit": 3445161.390000004, "radius": 0.0017898476490306931, "level": 3}, {"name": "BugShield Lotion Lite", "Gross profit": 1881286.0799999996, "radius": 0.0009773752478522244, "level": 3}, {"name": "BugShield Natural", "Gross profit": 4791529.44, "radius": 0.0024893195797266684, "level": 3}, {"name": "BugShield Spray", "Gross profit": 2936536.8600000013, "radius": 0.0015256044638196093, "level": 3}]}, {"name": "Sunscreen", "Gross profit": 15791427.639999995, "radius": 0.008204042260061514, "level": 2, "children": [{"name": "Sun Blocker", "Gross profit": 1796780.299999999, "radius": 0.0009334723781342674, "level": 3}, {"name": "Sun Shelter 15", "Gross profit": 3095318.5600000015, "radius": 0.001608095534710804, "level": 3}, {"name": "Sun Shelter 30", "Gross profit": 5591875.2499999935, "radius": 0.0029051192779927784, "level": 3}, {"name": "Sun Shelter Stick", "Gross profit": 2307929.1500000027, "radius": 0.0011990270108236949, "level": 3}, {"name": "Sun Shield", "Gross profit": 2999524.3799999994, "radius": 0.0015583280583999694, "level": 3}]}]}, {"name": "Personal Accessories", "Gross profit": 776583067.29, "radius": 0.4034543581327113, "level": 1, "children": [{"name": "Binoculars", "Gross profit": 52189009.78999999, "radius": 0.02711349800592976, "level": 2, "children": [{"name": "Opera Vision", "Gross profit": 4652702.02, "radius": 0.002417195257182813, "level": 3}, {"name": "Ranger Vision", "Gross profit": 20232241.57999999, "radius": 0.01051115635154148, "level": 3}, {"name": "Seeker 35", "Gross profit": 8341275.510000003, "radius": 0.0043335015900345915, "level": 3}, {"name": "Seeker 50", "Gross profit": 5417254.720000002, "radius": 0.0028143995381279996, "level": 3}, {"name": "Seeker Extreme", "Gross profit": 8224341.060000002, "radius": 0.00427275121386043, "level": 3}, {"name": "Seeker Mini", "Gross profit": 5321194.8999999985, "radius": 0.002764494055182448, "level": 3}]}, {"name": "Eyewear", "Gross profit": 352244629.99, "radius": 0.18299990958370957, "level": 2, "children": [{"name": "Bella", "Gross profit": 12151382.700000005, "radius": 0.006312947724654264, "level": 3}, {"name": "Capri", "Gross profit": 12656302.250000002, "radius": 0.006575266079939537, "level": 3}, {"name": "Cat Eye", "Gross profit": 29363828.89999999, "radius": 0.01525524472547408, "level": 3}, {"name": "Dante", "Gross profit": 25653218.649999995, "radius": 0.013327489743745436, "level": 3}, {"name": "Fairway", "Gross profit": 23313980.01, "radius": 0.01211219666851283, "level": 3}, {"name": "Hawk Eye", "Gross profit": 22822817.49, "radius": 0.011857025434948647, "level": 3}, {"name": "Inferno", "Gross profit": 44266891.80999999, "radius": 0.02299775925331162, "level": 3}, {"name": "Maximus", "Gross profit": 47648136.90999999, "radius": 0.024754400788479746, "level": 3}, {"name": "Polar Extreme", "Gross profit": 1654678.020000001, "radius": 0.0008596466837798158, "level": 3}, {"name": "Polar Ice", "Gross profit": 5948917.669999999, "radius": 0.00309061175967917, "level": 3}, {"name": "Polar Sports", "Gross profit": 13374977.319999993, "radius": 0.006948635782790077, "level": 3}, {"name": "Polar Sun", "Gross profit": 14649991.339999998, "radius": 0.007611037507365941, "level": 3}, {"name": "Polar Wave", "Gross profit": 1627736.66, "radius": 0.0008456499723346979, "level": 3}, {"name": "Retro", "Gross profit": 27374941.5, "radius": 0.014221967896292865, "level": 3}, {"name": "Trendi", "Gross profit": 17879003.92, "radius": 0.009288590434720538, "level": 3}, {"name": "Zone", "Gross profit": 51857824.84000001, "radius": 0.026941439127680284, "level": 3}]}, {"name": "Knives", "Gross profit": 58328262.81999999, "radius": 0.0303029937533409, "level": 2, "children": [{"name": "Bear Edge", "Gross profit": 5186942.12, "radius": 0.0026947463727208056, "level": 3}, {"name": "Bear Survival Edge", "Gross profit": 4839887.580000001, "radius": 0.0025144428449071416, "level": 3}, {"name": "Double Edge", "Gross profit": 3515023.3499999987, "radius": 0.0018261426874070133, "level": 3}, {"name": "Edge Extreme", "Gross profit": 10351705.249999994, "radius": 0.005377970204516646, "level": 3}, {"name": "Max Gizmo", "Gross profit": 10414645.73, "radius": 0.005410669360638581, "level": 3}, {"name": "Pocket Gizmo", "Gross profit": 10900653.76, "radius": 0.00566316270751936, "level": 3}, {"name": "Single Edge", "Gross profit": 13119405.029999996, "radius": 0.006815859575631351, "level": 3}]}, {"name": "Navigation", "Gross profit": 78482273.21, "radius": 0.04077350704185817, "level": 2, "children": [{"name": "Astro Pilot", "Gross profit": 10056132.110000003, "radius": 0.005224412553696229, "level": 3}, {"name": "Auto Pilot", "Gross profit": 2081421.4499999997, "radius": 0.0010813505862854662, "level": 3}, {"name": "Glacier Basic", "Gross profit": 10360578.850000003, "radius": 0.005382580262014839, "level": 3}, {"name": "Glacier Deluxe", "Gross profit": 5803753.199999997, "radius": 0.0030151951809068503, "level": 3}, {"name": "Glacier GPS", "Gross profit": 12084809.82, "radius": 0.00627836144573477, "level": 3}, {"name": "Glacier GPS Extreme", "Gross profit": 20977143.48999999, "radius": 0.010898151554797248, "level": 3}, {"name": "Sky Pilot", "Gross profit": 5365418.470000002, "radius": 0.0027874693076701844, "level": 3}, {"name": "Trail Master", "Gross profit": 3057782.840000001, "radius": 0.0015885947878396464, "level": 3}, {"name": "Trail Scout", "Gross profit": 4432506.950000001, "radius": 0.002302798402071289, "level": 3}, {"name": "Trail Star", "Gross profit": 4262726.03, "radius": 0.0022145929608416493, "level": 3}]}, {"name": "Watches", "Gross profit": 235338891.48000005, "radius": 0.12226444974787291, "level": 2, "children": [{"name": "Infinity", "Gross profit": 44071782.28, "radius": 0.022896394964663898, "level": 3}, {"name": "Kodiak", "Gross profit": 16952202.9, "radius": 0.008807094086949657, "level": 3}, {"name": "Legend", "Gross profit": 37213101.62000001, "radius": 0.01933313854062936, "level": 3}, {"name": "Lux", "Gross profit": 15900283.340000002, "radius": 0.008260595523224782, "level": 3}, {"name": "Mountain Man Analog", "Gross profit": 5482668.810000003, "radius": 0.002848383796612908, "level": 3}, {"name": "Mountain Man Combination", "Gross profit": 2575752.5600000024, "radius": 0.001338167981733009, "level": 3}, {"name": "Mountain Man Deluxe", "Gross profit": 7052642.289999999, "radius": 0.003664024349875501, "level": 3}, {"name": "Mountain Man Digital", "Gross profit": 2221681.51, "radius": 0.0011542192011992957, "level": 3}, {"name": "Mountain Man Extreme", "Gross profit": 4552340.01, "radius": 0.0023650546787553693, "level": 3}, {"name": "Sam", "Gross profit": 12932828.340000002, "radius": 0.006718928311125215, "level": 3}, {"name": "TX", "Gross profit": 51250678.64000002, "radius": 0.02662601146677529, "level": 3}, {"name": "Venue", "Gross profit": 28436013.599999994, "radius": 0.01477322143383383, "level": 3}, {"name": "Zodiak", "Gross profit": 6696915.58, "radius": 0.0034792154124947995, "level": 3}]}], "Personal Accessories": [{"name": "Binoculars", "Gross profit": 52189009.78999999, "radius": 0.02711349800592976, "level": 2, "children": [{"name": "Opera Vision", "Gross profit": 4652702.02, "radius": 0.002417195257182813, "level": 3}, {"name": "Ranger Vision", "Gross profit": 20232241.57999999, "radius": 0.01051115635154148, "level": 3}, {"name": "Seeker 35", "Gross profit": 8341275.510000003, "radius": 0.0043335015900345915, "level": 3}, {"name": "Seeker 50", "Gross profit": 5417254.720000002, "radius": 0.0028143995381279996, "level": 3}, {"name": "Seeker Extreme", "Gross profit": 8224341.060000002, "radius": 0.00427275121386043, "level": 3}, {"name": "Seeker Mini", "Gross profit": 5321194.8999999985, "radius": 0.002764494055182448, "level": 3}]}, {"name": "Eyewear", "Gross profit": 352244629.99, "radius": 0.18299990958370957, "level": 2, "children": [{"name": "Bella", "Gross profit": 12151382.700000005, "radius": 0.006312947724654264, "level": 3}, {"name": "Capri", "Gross profit": 12656302.250000002, "radius": 0.006575266079939537, "level": 3}, {"name": "Cat Eye", "Gross profit": 29363828.89999999, "radius": 0.01525524472547408, "level": 3}, {"name": "Dante", "Gross profit": 25653218.649999995, "radius": 0.013327489743745436, "level": 3}, {"name": "Fairway", "Gross profit": 23313980.01, "radius": 0.01211219666851283, "level": 3}, {"name": "Hawk Eye", "Gross profit": 22822817.49, "radius": 0.011857025434948647, "level": 3}, {"name": "Inferno", "Gross profit": 44266891.80999999, "radius": 0.02299775925331162, "level": 3}, {"name": "Maximus", "Gross profit": 47648136.90999999, "radius": 0.024754400788479746, "level": 3}, {"name": "Polar Extreme", "Gross profit": 1654678.020000001, "radius": 0.0008596466837798158, "level": 3}, {"name": "Polar Ice", "Gross profit": 5948917.669999999, "radius": 0.00309061175967917, "level": 3}, {"name": "Polar Sports", "Gross profit": 13374977.319999993, "radius": 0.006948635782790077, "level": 3}, {"name": "Polar Sun", "Gross profit": 14649991.339999998, "radius": 0.007611037507365941, "level": 3}, {"name": "Polar Wave", "Gross profit": 1627736.66, "radius": 0.0008456499723346979, "level": 3}, {"name": "Retro", "Gross profit": 27374941.5, "radius": 0.014221967896292865, "level": 3}, {"name": "Trendi", "Gross profit": 17879003.92, "radius": 0.009288590434720538, "level": 3}, {"name": "Zone", "Gross profit": 51857824.84000001, "radius": 0.026941439127680284, "level": 3}]}, {"name": "Knives", "Gross profit": 58328262.81999999, "radius": 0.0303029937533409, "level": 2, "children": [{"name": "Bear Edge", "Gross profit": 5186942.12, "radius": 0.0026947463727208056, "level": 3}, {"name": "Bear Survival Edge", "Gross profit": 4839887.580000001, "radius": 0.0025144428449071416, "level": 3}, {"name": "Double Edge", "Gross profit": 3515023.3499999987, "radius": 0.0018261426874070133, "level": 3}, {"name": "Edge Extreme", "Gross profit": 10351705.249999994, "radius": 0.005377970204516646, "level": 3}, {"name": "Max Gizmo", "Gross profit": 10414645.73, "radius": 0.005410669360638581, "level": 3}, {"name": "Pocket Gizmo", "Gross profit": 10900653.76, "radius": 0.00566316270751936, "level": 3}, {"name": "Single Edge", "Gross profit": 13119405.029999996, "radius": 0.006815859575631351, "level": 3}]}, {"name": "Navigation", "Gross profit": 78482273.21, "radius": 0.04077350704185817, "level": 2, "children": [{"name": "Astro Pilot", "Gross profit": 10056132.110000003, "radius": 0.005224412553696229, "level": 3}, {"name": "Auto Pilot", "Gross profit": 2081421.4499999997, "radius": 0.0010813505862854662, "level": 3}, {"name": "Glacier Basic", "Gross profit": 10360578.850000003, "radius": 0.005382580262014839, "level": 3}, {"name": "Glacier Deluxe", "Gross profit": 5803753.199999997, "radius": 0.0030151951809068503, "level": 3}, {"name": "Glacier GPS", "Gross profit": 12084809.82, "radius": 0.00627836144573477, "level": 3}, {"name": "Glacier GPS Extreme", "Gross profit": 20977143.48999999, "radius": 0.010898151554797248, "level": 3}, {"name": "Sky Pilot", "Gross profit": 5365418.470000002, "radius": 0.0027874693076701844, "level": 3}, {"name": "Trail Master", "Gross profit": 3057782.840000001, "radius": 0.0015885947878396464, "level": 3}, {"name": "Trail Scout", "Gross profit": 4432506.950000001, "radius": 0.002302798402071289, "level": 3}, {"name": "Trail Star", "Gross profit": 4262726.03, "radius": 0.0022145929608416493, "level": 3}]}, {"name": "Watches", "Gross profit": 235338891.48000005, "radius": 0.12226444974787291, "level": 2, "children": [{"name": "Infinity", "Gross profit": 44071782.28, "radius": 0.022896394964663898, "level": 3}, {"name": "Kodiak", "Gross profit": 16952202.9, "radius": 0.008807094086949657, "level": 3}, {"name": "Legend", "Gross profit": 37213101.62000001, "radius": 0.01933313854062936, "level": 3}, {"name": "Lux", "Gross profit": 15900283.340000002, "radius": 0.008260595523224782, "level": 3}, {"name": "Mountain Man Analog", "Gross profit": 5482668.810000003, "radius": 0.002848383796612908, "level": 3}, {"name": "Mountain Man Combination", "Gross profit": 2575752.5600000024, "radius": 0.001338167981733009, "level": 3}, {"name": "Mountain Man Deluxe", "Gross profit": 7052642.289999999, "radius": 0.003664024349875501, "level": 3}, {"name": "Mountain Man Digital", "Gross profit": 2221681.51, "radius": 0.0011542192011992957, "level": 3}, {"name": "Mountain Man Extreme", "Gross profit": 4552340.01, "radius": 0.0023650546787553693, "level": 3}, {"name": "Sam", "Gross profit": 12932828.340000002, "radius": 0.006718928311125215, "level": 3}, {"name": "TX", "Gross profit": 51250678.64000002, "radius": 0.02662601146677529, "level": 3}, {"name": "Venue", "Gross profit": 28436013.599999994, "radius": 0.01477322143383383, "level": 3}, {"name": "Zodiak", "Gross profit": 6696915.58, "radius": 0.0034792154124947995, "level": 3}]}]}]}